id,__GUID,category,_to_subway_reach_sr800,_to_subway_g_sr800,_to_bluebike_reach_sr800,_to_bluebike_g_sr800,_to_bus_reach_sr800,_to_bus_g_sr800,geometry,Schools_to_Train_reach,Schools_to_Train_gravity,Schools_to_Train_knn_access,Schools_to_Bus_reach,Schools_to_Bus_gravity,Schools_to_Bus_knn_access,Schools_to_Bluebike_reach,Schools_to_Bluebike_gravity,Schools_to_Bluebike_knn_access,total_knn_access,normalized_knn_access
0,13b9dd40-84a3-4a37-bbf4-d6622165124b,daycare,0.0,0.0,2.0,1.1732842254765559,4.0,2.0140439621651565,POINT (232911 900859),0.0,0.0,0.0,4.0,2.0140439621651565,1.75,2.0,1.1732842254765559,0.5,2.25,0.2647058823529412
1,105b02b6-c214-447f-8333-300a85136475,daycare,0.0,0.0,1.0,0.8620931500907973,12.0,8.03564000795712,POINT (230323 905435),0.0,0.0,0.0,12.0,8.03564000795712,2.0,1.0,0.8620931500907973,0.25,2.25,0.2647058823529412
2,abfd4afe-9e17-4a80-86c8-7708b7c2ddd9,daycare,0.0,0.0,6.0,3.2350853039494734,24.0,14.06480370456407,POINT (233752 902106),0.0,0.0,0.0,24.0,14.06480370456407,2.0,6.0,3.2350853039494734,0.5,2.5,0.29411764705882354
3,774f7eda-8c8b-4e1d-8fba-083b162b1942,daycare,1.0,0.4774563146963348,5.0,3.0302354615817513,45.0,27.209306710786354,POINT (232581 902302),1.0,0.4774563146963348,6.0,45.0,27.209306710786354,2.0,5.0,3.0302354615817513,0.5,8.5,1.0
4,4789cc96-8152-4f88-bd05-446c64884e71,daycare,0.0,0.0,3.0,2.250061970503241,36.0,22.647330874296635,POINT (233174 902594),0.0,0.0,0.0,36.0,22.647330874296635,2.0,3.0,2.250061970503241,0.5,2.5,0.29411764705882354
5,9342701e-04d8-4b36-b6df-4484864e4890,daycare,0.0,0.0,2.0,1.4340248914009026,17.0,10.491703707538209,POINT (230070 903455),0.0,0.0,0.0,17.0,10.491703707538209,2.0,2.0,1.4340248914009026,0.5,2.5,0.29411764705882354
6,4c72f0e6-8397-47c4-a065-1e2285e5122d,daycare,1.0,0.48147395044298963,8.0,4.408064910761717,47.0,28.463307998066398,POINT (233084 902038),1.0,0.48147395044298963,6.0,47.0,28.463307998066398,2.0,8.0,4.408064910761717,0.5,8.5,1.0
7,73996317-8c52-4871-b86b-e829adfc1c6f,daycare,0.0,0.0,3.0,1.7558951811000352,28.0,17.26013082747299,POINT (233638 902541),0.0,0.0,0.0,28.0,17.26013082747299,2.0,3.0,1.7558951811000352,0.5,2.5,0.29411764705882354
8,39a75c97-2344-4e77-9023-8468e341ec11,daycare,1.0,0.4605102026512883,4.0,2.5970078227155278,43.0,26.50190602918196,POINT (232565 902312),1.0,0.4605102026512883,6.0,43.0,26.50190602918196,2.0,4.0,2.5970078227155278,0.5,8.5,1.0
9,2d7e05a7-1392-456e-a253-115236f12089,daycare,0.0,0.0,3.0,1.4294541120268554,16.0,11.209422650872943,POINT (234168 902452),0.0,0.0,0.0,16.0,11.209422650872943,2.0,3.0,1.4294541120268554,0.5,2.5,0.29411764705882354
10,b7087584-2bbf-455e-8a41-ee7b264af97c,daycare,1.0,0.8928877093205945,3.0,2.2784176688395306,5.0,2.6692944936080933,POINT (229432 904941),1.0,0.8928877093205945,6.0,5.0,2.6692944936080933,2.0,3.0,2.2784176688395306,0.5,8.5,1.0
11,74df2f93-5baa-4656-9429-373eb0a1d41c,daycare,0.0,0.0,6.0,3.7401224600000367,33.0,18.125991527141668,POINT (233229 901648),0.0,0.0,0.0,33.0,18.125991527141668,2.0,6.0,3.7401224600000367,0.5,2.5,0.29411764705882354
12,344d199b-0006-43f9-b405-7fe67586d5b9,daycare,2.0,1.07767503230963,4.0,2.618408308897164,19.0,12.943066085282872,POINT (231038 904631),2.0,1.07767503230963,6.0,19.0,12.943066085282872,2.0,4.0,2.618408308897164,0.5,8.5,1.0
13,1a340859-1956-4cec-9610-c017262692a5,daycare,1.0,0.5928959763229755,7.0,3.8571138930225177,46.0,29.590541642312242,POINT (232898 902186),1.0,0.5928959763229755,6.0,46.0,29.590541642312242,2.0,7.0,3.8571138930225177,0.5,8.5,1.0
14,f871a32e-8afb-4655-b87c-2627f66664e8,daycare,0.0,0.0,3.0,2.1477974160366555,18.0,10.71199225846087,POINT (229672 903820),0.0,0.0,0.0,18.0,10.71199225846087,2.0,3.0,2.1477974160366555,0.5,2.5,0.29411764705882354
15,6fcdd1a2-f53b-4cd4-ad29-d719a1b7bee3,daycare,0.0,0.0,1.0,0.8463356718879255,0.0,0.0,POINT (232686 900577),0.0,0.0,0.0,0.0,0.0,0.0,1.0,0.8463356718879255,0.25,0.25,0.029411764705882353
16,9d19ba3b-9c44-480e-80fa-9fed71b56ca1,daycare,0.0,0.0,2.0,1.4726528336232776,10.0,5.41801693614451,POINT (231665 901784),0.0,0.0,0.0,10.0,5.41801693614451,2.0,2.0,1.4726528336232776,0.5,2.5,0.29411764705882354
17,abede3bb-d4db-425d-8780-e3a234163627,daycare,1.0,0.4887149770807262,4.0,2.206979670272416,23.0,13.733014938304445,POINT (232022 901581),1.0,0.4887149770807262,6.0,23.0,13.733014938304445,2.0,4.0,2.206979670272416,0.5,8.5,1.0
18,1cbfa663-19e8-4496-adef-3b27caa5c7a0,daycare,1.0,0.5425856843863204,6.0,3.4265668217669116,28.0,16.578729173860545,POINT (231043 902961),1.0,0.5425856843863204,6.0,28.0,16.578729173860545,2.0,6.0,3.4265668217669116,0.5,8.5,1.0
19,e5a136f5-0f82-4d1a-aa12-60cebaf680d2,daycare,1.0,0.848632152199988,3.0,2.2337084482589065,5.0,2.930282662923902,POINT (229523 905019),1.0,0.848632152199988,6.0,5.0,2.930282662923902,2.0,3.0,2.2337084482589065,0.5,8.5,1.0
20,fd1c6190-9031-41da-8ca4-b5c3a8782dd2,daycare,0.0,0.0,3.0,1.750344585015394,28.0,17.064646111654124,POINT (233640 902475),0.0,0.0,0.0,28.0,17.064646111654124,2.0,3.0,1.750344585015394,0.5,2.5,0.29411764705882354
21,a7d1478c-1746-4f74-9462-f3ebc1b1b27f,daycare,0.0,0.0,4.0,2.3699483672820043,18.0,9.907278233541296,POINT (231884 901883),0.0,0.0,0.0,18.0,9.907278233541296,2.0,4.0,2.3699483672820043,0.5,2.5,0.29411764705882354
22,b4157100-7345-4ece-9091-b0e9e08d7ec3,daycare,1.0,0.7557758773594804,4.0,2.674316872511931,18.0,12.006576823239193,POINT (231208 904528),1.0,0.7557758773594804,6.0,18.0,12.006576823239193,2.0,4.0,2.674316872511931,0.5,8.5,1.0
23,e32c791c-da88-45e7-8beb-4305255e103f,daycare,0.0,0.0,4.0,2.2816040834326876,28.0,16.88905821907809,POINT (233583 902369),0.0,0.0,0.0,28.0,16.88905821907809,2.0,4.0,2.2816040834326876,0.5,2.5,0.29411764705882354
24,b9a11820-90ea-45f9-b57e-32441d20d121,daycare,1.0,0.6983965686271202,7.0,4.02161301707165,35.0,22.161093967417898,POINT (232823 901939),1.0,0.6983965686271202,6.0,35.0,22.161093967417898,2.0,7.0,4.02161301707165,0.5,8.5,1.0
25,e50d1c01-e922-4adc-93e7-3ff3b842fad7,daycare,1.0,0.652680934488789,6.0,3.4722356603466293,45.0,27.858116757867112,POINT (232865 902043),1.0,0.652680934488789,6.0,45.0,27.858116757867112,2.0,6.0,3.4722356603466293,0.5,8.5,1.0
26,1bc29fc2-7d64-4555-9227-7fc3797a0c44,daycare,0.0,0.0,0.0,0.0,11.0,6.52084065740937,POINT (229234 904534),0.0,0.0,0.0,11.0,6.52084065740937,2.0,0.0,0.0,0.0,2.0,0.23529411764705882
27,4aecc590-1564-4457-820d-f2f288faf9b0,daycare,0.0,0.0,2.0,1.0348904830093344,12.0,7.363429458474357,POINT (234066 902187),0.0,0.0,0.0,12.0,7.363429458474357,2.0,2.0,1.0348904830093344,0.5,2.5,0.29411764705882354
28,b55b2b66-340c-4363-bcf6-75e9b7f70d00,daycare,1.0,0.6290547765650328,8.0,4.931844423613187,26.0,15.916682856304448,POINT (232805 901451),1.0,0.6290547765650328,6.0,26.0,15.916682856304448,2.0,8.0,4.931844423613187,0.5,8.5,1.0
29,cbc6227d-f5e0-41c5-bcf5-8cb6b86e7044,daycare,1.0,0.46281103599766815,7.0,4.3347017828335135,1.0,0.4859905272820956,POINT (234829 901879),1.0,0.46281103599766815,6.0,1.0,0.4859905272820956,0.75,7.0,4.3347017828335135,0.5,7.25,0.8529411764705882
30,bd31e46f-131c-4abc-b60b-70c8647eb158,daycare,1.0,0.7322773282549981,3.0,2.0869839370735606,2.0,0.9875929416919829,POINT (229233 904939),1.0,0.7322773282549981,6.0,2.0,0.9875929416919829,1.25,3.0,2.0869839370735606,0.5,7.75,0.9117647058823529
31,b48e1fa8-0381-4a94-bb2e-e6874d64157d,daycare,1.0,0.4604096406518881,2.0,1.0068184728101155,14.0,10.327444189698147,POINT (234243 902445),1.0,0.4604096406518881,6.0,14.0,10.327444189698147,2.0,2.0,1.0068184728101155,0.5,8.5,1.0
32,a3ef5f01-61c5-4742-91b8-ca70f995027c,daycare,0.0,0.0,2.0,1.0139573907834385,18.0,12.207503074693289,POINT (233997 902484),0.0,0.0,0.0,18.0,12.207503074693289,2.0,2.0,1.0139573907834385,0.5,2.5,0.29411764705882354
33,e9cdb863-52f1-4591-bf96-077c34352be3,daycare,1.0,0.7583423163666067,10.0,6.760342853702994,8.0,4.667770557073479,POINT (234162 901527),1.0,0.7583423163666067,6.0,8.0,4.667770557073479,2.0,10.0,6.760342853702994,0.5,8.5,1.0
34,5d9da4c2-ddcf-484a-8e89-286145aa5074,daycare,1.0,0.8116418546692574,9.0,5.908192557490245,4.0,2.2985630994040744,POINT (234274 901327),1.0,0.8116418546692574,6.0,4.0,2.2985630994040744,1.75,9.0,5.908192557490245,0.5,8.25,0.9705882352941176
35,2379bf31-eae1-4b17-8b78-c1104ad00a5c,daycare,1.0,0.7880043655937878,9.0,5.16891714983095,37.0,22.82216003260832,POINT (232806 901763),1.0,0.7880043655937878,6.0,37.0,22.82216003260832,2.0,9.0,5.16891714983095,0.5,8.5,1.0
36,1048fdb2-41be-4b70-9282-6e5ac912e9f5,daycare,1.0,0.5659474387960857,4.0,2.4090884438726308,27.0,16.389727783892926,POINT (232270 901462),1.0,0.5659474387960857,6.0,27.0,16.389727783892926,2.0,4.0,2.4090884438726308,0.5,8.5,1.0
37,b2d235bc-f07f-4715-a1a1-085f9726ff7b,daycare,1.0,0.4715650935266294,3.0,1.9651543495618606,20.0,13.522277062912503,POINT (230603 904716),1.0,0.4715650935266294,6.0,20.0,13.522277062912503,2.0,3.0,1.9651543495618606,0.5,8.5,1.0
38,15c18d50-abe3-4594-99a7-d5a740be5b6d,daycare,1.0,0.5954786403658722,8.0,4.877176536645851,11.0,6.241685055235264,POINT (233695 901318),1.0,0.5954786403658722,6.0,11.0,6.241685055235264,2.0,8.0,4.877176536645851,0.5,8.5,1.0
39,33ec358c-05f7-43c9-a086-cb6cc036c2ad,daycare,1.0,0.5119092102181606,5.0,2.8534667371568943,17.0,9.918532833052678,POINT (231298 903619),1.0,0.5119092102181606,6.0,17.0,9.918532833052678,2.0,5.0,2.8534667371568943,0.5,8.5,1.0
40,1d262332-f810-48c9-a473-65ad3d19ceab,daycare,1.0,0.589971044599083,8.0,4.655476087859417,25.0,14.298203711602048,POINT (231608 902280),1.0,0.589971044599083,6.0,25.0,14.298203711602048,2.0,8.0,4.655476087859417,0.5,8.5,1.0
41,655abd27-cd9b-4feb-ac64-f7895f301383,daycare,0.0,0.0,3.0,1.684868897980777,13.0,7.041776471769047,POINT (231882 903253),0.0,0.0,0.0,13.0,7.041776471769047,2.0,3.0,1.684868897980777,0.5,2.5,0.29411764705882354
42,da699177-8626-46dd-a73b-936196dfcdf9,daycare,0.0,0.0,0.0,0.0,18.0,11.488087700601714,POINT (228625 904511),0.0,0.0,0.0,18.0,11.488087700601714,2.0,0.0,0.0,0.0,2.0,0.23529411764705882
43,7350a565-a6f4-43d3-bd00-6c5de5351c18,daycare,0.0,0.0,2.0,1.3230532495648686,9.0,5.594271059602301,POINT (231890 900702),0.0,0.0,0.0,9.0,5.594271059602301,2.0,2.0,1.3230532495648686,0.5,2.5,0.29411764705882354
44,bac1695b-b5d0-45a1-accc-57c849655ae0,daycare,0.0,0.0,7.0,4.074805270226772,35.0,21.169775881796284,POINT (233284 901873),0.0,0.0,0.0,35.0,21.169775881796284,2.0,7.0,4.074805270226772,0.5,2.5,0.29411764705882354
45,0f3d0583-8b8f-4288-b65e-a25c4089fce8,daycare,1.0,0.49183982303564505,6.0,3.6938476353097673,33.0,17.750786632915364,POINT (233156 901654),1.0,0.49183982303564505,6.0,33.0,17.750786632915364,2.0,6.0,3.6938476353097673,0.5,8.5,1.0
46,c8f55b85-5e14-42cb-a0a8-c52f6295714c,daycare,0.0,0.0,4.0,2.3676744681767827,18.0,9.900373248909084,POINT (231885 901871),0.0,0.0,0.0,18.0,9.900373248909084,2.0,4.0,2.3676744681767827,0.5,2.5,0.29411764705882354
47,49d45e5f-b71f-484e-accf-c235e2ba14f3,daycare,0.0,0.0,2.0,1.0458421945420986,9.0,5.123055963976126,POINT (231683 901214),0.0,0.0,0.0,9.0,5.123055963976126,2.0,2.0,1.0458421945420986,0.5,2.5,0.29411764705882354
48,423690aa-ea19-4da9-a874-e9c1d60bf710,daycare,0.0,0.0,4.0,2.622816666045085,35.0,22.150541598655888,POINT (232790 902642),0.0,0.0,0.0,35.0,22.150541598655888,2.0,4.0,2.622816666045085,0.5,2.5,0.29411764705882354
49,b275d239-5209-4a13-a3a5-69bd8a2d9c9f,daycare,1.0,0.4800407988666481,4.0,2.1320754553465306,10.0,7.442517502013995,POINT (230018 904840),1.0,0.4800407988666481,6.0,10.0,7.442517502013995,2.0,4.0,2.1320754553465306,0.5,8.5,1.0
50,709e67c3-85d3-4351-8bd0-f3e2a21d7d3a,daycare,0.0,0.0,3.0,1.6832640186287675,13.0,7.04455211763055,POINT (231883 903259),0.0,0.0,0.0,13.0,7.04455211763055,2.0,3.0,1.6832640186287675,0.5,2.5,0.29411764705882354
51,734e8844-7ee6-413d-b3b8-47a0ca379092,daycare,1.0,0.47485592681838606,3.0,1.9663325436542023,20.0,13.544804626824428,POINT (230609 904712),1.0,0.47485592681838606,6.0,20.0,13.544804626824428,2.0,3.0,1.9663325436542023,0.5,8.5,1.0
52,52904050-8693-4dc8-bf61-d3652b5e40e1,daycare,1.0,0.6443280718601008,6.0,3.553465958406221,24.0,14.396168986785295,POINT (231242 902789),1.0,0.6443280718601008,6.0,24.0,14.396168986785295,2.0,6.0,3.553465958406221,0.5,8.5,1.0
53,5eb6c04c-ab14-42b9-972d-233ef4f4e847,daycare,0.0,0.0,2.0,1.1926475537572703,14.0,8.509318331491981,POINT (228613 903116),0.0,0.0,0.0,14.0,8.509318331491981,2.0,2.0,1.1926475537572703,0.5,2.5,0.29411764705882354
54,ccde7caf-3bae-4490-8e9b-133c5a1d40b9,daycare,0.0,0.0,8.0,4.323061425319288,45.0,26.79474475503449,POINT (233120 902158),0.0,0.0,0.0,45.0,26.79474475503449,2.0,8.0,4.323061425319288,0.5,2.5,0.29411764705882354
55,f7cab844-f587-405c-afe8-815b418de983,daycare,0.0,0.0,3.0,1.5991030587090411,14.0,7.411868103339978,POINT (230996 903657),0.0,0.0,0.0,14.0,7.411868103339978,2.0,3.0,1.5991030587090411,0.5,2.5,0.29411764705882354
56,f0cb7df3-1595-4525-ba25-c0e6444a3fcc,daycare,0.0,0.0,4.0,2.0180895389353,10.0,6.407504764192749,POINT (234340 902187),0.0,0.0,0.0,10.0,6.407504764192749,2.0,4.0,2.0180895389353,0.5,2.5,0.29411764705882354
57,441e0fbe-7ae1-47cf-b20e-eb503a9cccd6,daycare,0.0,0.0,0.0,0.0,16.0,10.849460468408104,POINT (228386 904618),0.0,0.0,0.0,16.0,10.849460468408104,2.0,0.0,0.0,0.0,2.0,0.23529411764705882
58,71b1f5eb-b423-429c-8b56-8fd71632fe23,daycare,0.0,0.0,4.0,2.0263495132874794,10.0,6.1562461606964405,POINT (232308 900748),0.0,0.0,0.0,10.0,6.1562461606964405,2.0,4.0,2.0263495132874794,0.5,2.5,0.29411764705882354
59,6404b6c6-944d-4176-8c64-59c512c74ef6,daycare,0.0,0.0,3.0,1.6345436550618833,14.0,7.885006690453471,POINT (230273 903987),0.0,0.0,0.0,14.0,7.885006690453471,2.0,3.0,1.6345436550618833,0.5,2.5,0.29411764705882354
60,f7520c50-fadf-415a-a58c-f8668e4a5605,daycare,1.0,0.7205151193341783,5.0,3.0244691973162294,36.0,21.63087043200422,POINT (232402 901880),1.0,0.7205151193341783,6.0,36.0,21.63087043200422,2.0,5.0,3.0244691973162294,0.5,8.5,1.0
61,803c0ed0-0ee7-473d-aae7-627b18b5e6ef,daycare,1.0,0.4762915618887354,6.0,3.6967414518845207,32.0,17.615779925833962,POINT (233206 901659),1.0,0.4762915618887354,6.0,32.0,17.615779925833962,2.0,6.0,3.6967414518845207,0.5,8.5,1.0
62,95ed11a0-8919-4f93-9147-6769b98d97ab,daycare,1.0,0.48486004915798103,2.0,0.9760181048400385,5.0,2.4155120692255245,POINT (230914 904026),1.0,0.48486004915798103,6.0,5.0,2.4155120692255245,2.0,2.0,0.9760181048400385,0.5,8.5,1.0
63,0bae884c-935a-46f0-94cc-f4ffadb64e6a,daycare,0.0,0.0,3.0,1.5616778747428108,23.0,13.967740790786053,POINT (232160 902842),0.0,0.0,0.0,23.0,13.967740790786053,2.0,3.0,1.5616778747428108,0.5,2.5,0.29411764705882354
64,72b2587b-a657-4ce0-bdaf-6082d5a9ce23,daycare,1.0,0.722775472213745,5.0,3.0311206322060227,36.0,21.659962485743314,POINT (232394 901891),1.0,0.722775472213745,6.0,36.0,21.659962485743314,2.0,5.0,3.0311206322060227,0.5,8.5,1.0
65,78ac5360-7fe7-4e46-9a2c-bc468b158ad3,daycare,1.0,0.5061938604220088,5.0,2.7511779765924826,27.0,15.44054168602503,POINT (232027 901739),1.0,0.5061938604220088,6.0,27.0,15.44054168602503,2.0,5.0,2.7511779765924826,0.5,8.5,1.0
66,b472519a-ae5c-4dd0-9498-fc1099fd686c,daycare,0.0,0.0,2.0,1.085790352468143,16.0,8.55186669557434,POINT (230738 903708),0.0,0.0,0.0,16.0,8.55186669557434,2.0,2.0,1.085790352468143,0.5,2.5,0.29411764705882354
67,79d61e7d-690f-479c-9478-b2457cb16b4a,daycare,1.0,0.5202678130897904,6.0,3.3736831884356207,45.0,27.685858942626638,POINT (232998 902170),1.0,0.5202678130897904,6.0,45.0,27.685858942626638,2.0,6.0,3.3736831884356207,0.5,8.5,1.0
68,77af9207-07e1-4864-ae2f-e02ecdb8e965,daycare,0.0,0.0,3.0,1.5863081972562805,7.0,4.011967276684594,POINT (231562 903612),0.0,0.0,0.0,7.0,4.011967276684594,2.0,3.0,1.5863081972562805,0.5,2.5,0.29411764705882354
69,ee04c1da-46c8-4d63-8202-13a7f3f0ce95,daycare,1.0,0.4517967189739311,5.0,2.579003079549653,9.0,5.295271028586778,POINT (231477 903608),1.0,0.4517967189739311,6.0,9.0,5.295271028586778,2.0,5.0,2.579003079549653,0.5,8.5,1.0
70,6b1b8373-f912-4c66-a0c7-4808e0867508,daycare,1.0,0.6993799838142475,6.0,3.4164451652346957,34.0,20.499647428068215,POINT (232347 901888),1.0,0.6993799838142475,6.0,34.0,20.499647428068215,2.0,6.0,3.4164451652346957,0.5,8.5,1.0
71,7a3b96ce-29ea-46eb-9afb-67457ec1361d,privateschool,0.0,0.0,3.0,2.0269629888603355,26.0,16.070204200976157,POINT (233463 902636),0.0,0.0,0.0,26.0,16.070204200976157,2.0,3.0,2.0269629888603355,0.5,2.5,0.29411764705882354
72,1f663afd-1d21-413b-a74a-22e2cc986199,privateschool,0.0,0.0,2.0,1.3964019244885193,8.0,4.459143800890354,POINT (230232 904462),0.0,0.0,0.0,8.0,4.459143800890354,2.0,2.0,1.3964019244885193,0.5,2.5,0.29411764705882354
73,65f1b467-06e7-43a4-8fe2-20cae68b410e,privateschool,0.0,0.0,2.0,1.0477717743794974,9.0,5.080222268404639,POINT (231684 901201),0.0,0.0,0.0,9.0,5.080222268404639,2.0,2.0,1.0477717743794974,0.5,2.5,0.29411764705882354
74,dd6ece05-6b3c-43fa-9eca-329d45ca41f1,privateschool,1.0,0.6671800024944139,7.0,3.9887545390097214,38.0,23.72775495284141,POINT (232873 901965),1.0,0.6671800024944139,6.0,38.0,23.72775495284141,2.0,7.0,3.9887545390097214,0.5,8.5,1.0
75,ee6951ce-7193-4607-adbc-728c95971b37,privateschool,0.0,0.0,8.0,4.389980387525982,14.0,7.2105228940864645,POINT (234156 901991),0.0,0.0,0.0,14.0,7.2105228940864645,2.0,8.0,4.389980387525982,0.5,2.5,0.29411764705882354
76,cb152d8a-01f4-4c41-b04d-7b283a9dcbe6,privateschool,0.0,0.0,3.0,1.7617207489573725,18.0,10.51761054395289,POINT (230321 904691),0.0,0.0,0.0,18.0,10.51761054395289,2.0,3.0,1.7617207489573725,0.5,2.5,0.29411764705882354
77,4bdd5019-d5cd-4720-8c98-dc2335d331cf,privateschool,0.0,0.0,2.0,1.4039532415708589,12.0,7.695888210886343,POINT (230188 902832),0.0,0.0,0.0,12.0,7.695888210886343,2.0,2.0,1.4039532415708589,0.5,2.5,0.29411764705882354
78,2edda3f5-743b-4622-b1f7-ad417afbe907,privateschool,1.0,0.575176700251538,4.0,2.770005573214662,1.0,0.5371290574945348,POINT (235364 902254),1.0,0.575176700251538,6.0,1.0,0.5371290574945348,0.75,4.0,2.770005573214662,0.5,7.25,0.8529411764705882
79,08c7e09f-a543-4b9a-b5f0-146c986f9687,privateschool,1.0,0.4952189192563026,7.0,3.6244296167203975,30.0,17.56505389379943,POINT (232051 902100),1.0,0.4952189192563026,6.0,30.0,17.56505389379943,2.0,7.0,3.6244296167203975,0.5,8.5,1.0
80,2eb941aa-c727-4d8d-98a0-d605d5ce90e3,privateschool,1.0,0.787337745647896,9.0,5.169190690142635,37.0,22.8175375921962,POINT (232814 901771),1.0,0.787337745647896,6.0,37.0,22.8175375921962,2.0,9.0,5.169190690142635,0.5,8.5,1.0
81,7727405f-37f7-462e-a32b-c797417a00e4,privateschool,0.0,0.0,0.0,0.0,16.0,9.75593377119888,POINT (228469 904598),0.0,0.0,0.0,16.0,9.75593377119888,2.0,0.0,0.0,0.0,2.0,0.23529411764705882
82,647c78bf-49c2-4cec-abbd-930bf18612b2,privateschool,1.0,0.5138164095367675,6.0,3.291270892525096,45.0,25.722542861638374,POINT (232474 902183),1.0,0.5138164095367675,6.0,45.0,25.722542861638374,2.0,6.0,3.291270892525096,0.5,8.5,1.0
83,26c1ff33-d1cf-49cd-9e4a-f711bf93d7bb,privateschool,1.0,0.5949034078219035,8.0,4.591757669794772,27.0,15.828875623085624,POINT (231689 902345),1.0,0.5949034078219035,6.0,27.0,15.828875623085624,2.0,8.0,4.591757669794772,0.5,8.5,1.0
84,bd8364c7-8d04-4e72-99f1-a0bdb7991efa,privateschool,1.0,0.5229903572560568,7.0,4.194844313976598,8.0,4.941605177464984,POINT (233609 901103),1.0,0.5229903572560568,6.0,8.0,4.941605177464984,2.0,7.0,4.194844313976598,0.5,8.5,1.0
85,97b08b67-fa6d-433a-8ada-2a43042ceefe,privateschool,0.0,0.0,1.0,0.4994952868044,6.0,3.6719116172413373,POINT (230196 905843),0.0,0.0,0.0,6.0,3.6719116172413373,2.0,1.0,0.4994952868044,0.25,2.25,0.2647058823529412
86,b0c1a7e9-ef07-4753-8f87-3d3c32ec8fd1,privateschool,0.0,0.0,4.0,2.4361243933181016,20.0,10.363153715813832,POINT (231516 903364),0.0,0.0,0.0,20.0,10.363153715813832,2.0,4.0,2.4361243933181016,0.5,2.5,0.29411764705882354
87,0505b2df-e338-4276-85f2-8f7f23d49fe7,privateschool,0.0,0.0,3.0,1.7303060316872736,17.0,10.747346923385855,POINT (231101 903248),0.0,0.0,0.0,17.0,10.747346923385855,2.0,3.0,1.7303060316872736,0.5,2.5,0.29411764705882354
88,3dd90832-b8e1-470d-b6de-6bfd35ecf96c,privateschool,1.0,0.7205906886396203,4.0,2.8799449060037015,16.0,10.715648409802537,POINT (231173 902384),1.0,0.7205906886396203,6.0,16.0,10.715648409802537,2.0,4.0,2.8799449060037015,0.5,8.5,1.0
89,85bbb8e7-b962-4fd6-b773-e9210b486f03,privateschool,1.0,0.7095102719165095,6.0,3.6930842326885047,24.0,14.854512731089658,POINT (231166 902728),1.0,0.7095102719165095,6.0,24.0,14.854512731089658,2.0,6.0,3.6930842326885047,0.5,8.5,1.0
90,f8a893a1-5657-4ee9-8f31-2f18a7579468,privateschool,1.0,0.5223306299397976,6.0,3.576051039104954,21.0,12.871641429227367,POINT (231319 903189),1.0,0.5223306299397976,6.0,21.0,12.871641429227367,2.0,6.0,3.576051039104954,0.5,8.5,1.0
91,d391b19f-dde9-421b-b264-e0e84bba4554,privateschool,1.0,0.6380047230905105,7.0,4.130957422417403,28.0,16.881654548910923,POINT (231140 902841),1.0,0.6380047230905105,6.0,28.0,16.881654548910923,2.0,7.0,4.130957422417403,0.5,8.5,1.0
92,532c6068-0529-4445-a7ce-82c3f5ce42c1,privateschool,1.0,0.5153007038358207,6.0,3.7676936114585624,32.0,19.827677534794354,POINT (231802 902878),1.0,0.5153007038358207,6.0,32.0,19.827677534794354,2.0,6.0,3.7676936114585624,0.5,8.5,1.0
93,cbff761e-91cb-44b4-80e2-fa0a592c76e2,privateschool,1.0,0.7819490584722828,9.0,5.457603438063189,32.0,19.151143700643317,POINT (231539 902730),1.0,0.7819490584722828,6.0,32.0,19.151143700643317,2.0,9.0,5.457603438063189,0.5,8.5,1.0
94,6524cf22-a194-40d3-a7ad-dcc4c0a234c4,privateschool,1.0,0.5393976603704279,6.0,3.257211009349708,24.0,14.368694546092264,POINT (230948 902935),1.0,0.5393976603704279,6.0,24.0,14.368694546092264,2.0,6.0,3.257211009349708,0.5,8.5,1.0
95,b866b77a-6d52-49f6-ad85-8dc36f411266,privateschool,0.0,0.0,3.0,1.6369552003506158,14.0,7.869919259831491,POINT (230269 903989),0.0,0.0,0.0,14.0,7.869919259831491,2.0,3.0,1.6369552003506158,0.5,2.5,0.29411764705882354
96,9da44c47-ba75-4397-8758-52e708efd2f6,privateschool,0.0,0.0,2.0,1.219781636844449,7.0,3.4637038061750425,POINT (230421 904208),0.0,0.0,0.0,7.0,3.4637038061750425,2.0,2.0,1.219781636844449,0.5,2.5,0.29411764705882354
97,6b946019-533f-4686-9685-7697b88b585e,privateschool,0.0,0.0,0.0,0.0,6.0,3.0358949377799402,POINT (229742 902342),0.0,0.0,0.0,6.0,3.0358949377799402,2.0,0.0,0.0,0.0,2.0,0.23529411764705882
98,8000b1f6-b413-4993-a846-2c5c1d59cb97,privateschool,0.0,0.0,0.0,0.0,0.0,0.0,POINT (230027 902329),0.0,0.0,0.0,0.0,0.0,0.0,0.0,0.0,0.0,0.0,0.0
99,9ae02158-2a6f-4488-a7d7-d3f5d1008e11,privateschool,1.0,0.6813030029214013,6.0,3.770910373043369,27.0,17.043557167575894,POINT (232571 901476),1.0,0.6813030029214013,6.0,27.0,17.043557167575894,2.0,6.0,3.770910373043369,0.5,8.5,1.0
100,63f3fb79-e10f-4def-8b66-2997c5b8e33b,privateschool,0.0,0.0,1.0,0.7512446099175702,18.0,10.541500251224816,POINT (230370 903437),0.0,0.0,0.0,18.0,10.541500251224816,2.0,1.0,0.7512446099175702,0.25,2.25,0.2647058823529412
101,e3575efc-40b2-471a-ace3-9825bdafc622,privateschool,0.0,0.0,1.0,0.5928429579419923,14.0,9.0211538583265,POINT (230529 903276),0.0,0.0,0.0,14.0,9.0211538583265,2.0,1.0,0.5928429579419923,0.25,2.25,0.2647058823529412
102,e0b70cdf-6ac8-4b4a-8d3d-593b07aa753b,privateschool,0.0,0.0,1.0,0.5232866495781234,6.0,3.6798498131454807,POINT (230344 905736),0.0,0.0,0.0,6.0,3.6798498131454807,2.0,1.0,0.5232866495781234,0.25,2.25,0.2647058823529412
103,ff27e6fb-a523-4695-a8ba-f56ad656fbcd,privateschool,0.0,0.0,2.0,1.338874347508452,19.0,11.866892445120927,POINT (230485 905028),0.0,0.0,0.0,19.0,11.866892445120927,2.0,2.0,1.338874347508452,0.5,2.5,0.29411764705882354
104,d052ce3f-4eb4-47e3-b171-5390d62cedd0,publicschool,1.0,0.47247394272720306,5.0,2.961948423818261,41.0,25.041297498750644,POINT (232643 902343),1.0,0.47247394272720306,6.0,41.0,25.041297498750644,2.0,5.0,2.961948423818261,0.5,8.5,1.0
105,5c7cef66-3afa-4af6-9260-7c5fdc5781bc,publicschool,0.0,0.0,4.0,2.5048555879888292,43.0,25.637560587323087,POINT (232606 902365),0.0,0.0,0.0,43.0,25.637560587323087,2.0,4.0,2.5048555879888292,0.5,2.5,0.29411764705882354
106,91af9728-9944-431e-ae80-2cb66697e9b3,publicschool,0.0,0.0,3.0,2.1689789257628287,18.0,10.815157945557274,POINT (229693 903814),0.0,0.0,0.0,18.0,10.815157945557274,2.0,3.0,2.1689789257628287,0.5,2.5,0.29411764705882354
107,2c7be26e-5546-4043-80d4-8d62ba382d4c,publicschool,1.0,0.4712206088200251,3.0,1.8515189687424378,19.0,12.474203324872828,POINT (230626 904693),1.0,0.4712206088200251,6.0,19.0,12.474203324872828,2.0,3.0,1.8515189687424378,0.5,8.5,1.0
108,7d47534c-fca8-4e36-b29a-bebfa841a6f8,publicschool,0.0,0.0,3.0,2.035301426867259,16.0,9.325581286044185,POINT (231863 901909),0.0,0.0,0.0,16.0,9.325581286044185,2.0,3.0,2.035301426867259,0.5,2.5,0.29411764705882354
109,20c67276-23c6-42f4-8a75-90d85c1f1b71,publicschool,0.0,0.0,1.0,0.586305497499034,13.0,7.756089061912971,POINT (234026 902188),0.0,0.0,0.0,13.0,7.756089061912971,2.0,1.0,0.586305497499034,0.25,2.25,0.2647058823529412
110,308b8c7e-4bad-4d4a-ae49-1aaed3728a39,publicschool,0.0,0.0,3.0,2.0341726928833817,16.0,9.28410343771648,POINT (231857 901866),0.0,0.0,0.0,16.0,9.28410343771648,2.0,3.0,2.0341726928833817,0.5,2.5,0.29411764705882354
111,f7149643-96c5-4951-a555-8d4afe4bbef4,publicschool,1.0,0.5665880614147002,4.0,2.4105135676703884,27.0,16.392091272721824,POINT (232273 901464),1.0,0.5665880614147002,6.0,27.0,16.392091272721824,2.0,4.0,2.4105135676703884,0.5,8.5,1.0
112,931417f5-592f-4be1-b32a-b4d1bc1e2b95,publicschool,0.0,0.0,3.0,1.584920083997638,6.0,3.5513452237960066,POINT (231565 903608),0.0,0.0,0.0,6.0,3.5513452237960066,2.0,3.0,1.584920083997638,0.5,2.5,0.29411764705882354
113,163c7ad0-0784-4293-9992-54df5a4a08e1,publicschool,0.0,0.0,3.0,2.1321010587063354,18.0,10.684693920034098,POINT (229659 903831),0.0,0.0,0.0,18.0,10.684693920034098,2.0,3.0,2.1321010587063354,0.5,2.5,0.29411764705882354
114,00c6c171-64c0-44ad-9b27-4346a5bcde69,publicschool,1.0,0.47973552645289563,5.0,3.268394301793694,29.0,19.091313850204784,POINT (231955 902733),1.0,0.47973552645289563,6.0,29.0,19.091313850204784,2.0,5.0,3.268394301793694,0.5,8.5,1.0
115,f578c91e-783e-45ea-a921-893e69351a41,publicschool,1.0,0.46893071619208404,5.0,3.374775766014549,33.0,21.064545759340163,POINT (231960 902614),1.0,0.46893071619208404,6.0,33.0,21.064545759340163,2.0,5.0,3.374775766014549,0.5,8.5,1.0
116,54893e70-76ea-42a2-b7c6-c5b704d98e09,publicschool,1.0,0.47051836258123403,3.0,1.9657944522967346,20.0,13.515216570699128,POINT (230599 904711),1.0,0.47051836258123403,6.0,20.0,13.515216570699128,2.0,3.0,1.9657944522967346,0.5,8.5,1.0
117,98f7ceb4-7397-4ae3-9a6c-452ebd056a87,publicschool,0.0,0.0,1.0,0.8467124991169683,8.0,5.193225034431995,POINT (231906 900673),0.0,0.0,0.0,8.0,5.193225034431995,2.0,1.0,0.8467124991169683,0.25,2.25,0.2647058823529412
118,1af39be7-00ea-4389-a228-fc87b952a56a,publicschool,0.0,0.0,3.0,1.5833605089716005,10.0,5.526696403227151,POINT (234049 902184),0.0,0.0,0.0,10.0,5.526696403227151,2.0,3.0,1.5833605089716005,0.5,2.5,0.29411764705882354
119,edbbb247-ca50-43c3-ae54-a1b6f1c22951,publicschool,0.0,0.0,2.0,1.1909482948117482,14.0,8.49719443516609,POINT (228611 903118),0.0,0.0,0.0,14.0,8.49719443516609,2.0,2.0,1.1909482948117482,0.5,2.5,0.29411764705882354
120,dfa7c700-2ee1-4fdd-ab9f-3aba38544523,publicschool,0.0,0.0,3.0,1.6038652453716633,13.0,6.957860292399131,POINT (230989 903643),0.0,0.0,0.0,13.0,6.957860292399131,2.0,3.0,1.6038652453716633,0.5,2.5,0.29411764705882354
121,ef544e97-4450-4e6b-b0ab-75484c660ff4,publicschool,0.0,0.0,7.0,4.062393700788978,35.0,21.415603846134434,POINT (233287 901889),0.0,0.0,0.0,35.0,21.415603846134434,2.0,7.0,4.062393700788978,0.5,2.5,0.29411764705882354
122,fdd40a76-cdf1-4a69-989d-a41b9bc40f06,publicschool,0.0,0.0,8.0,4.334900219325901,44.0,26.366455336785204,POINT (233121 902166),0.0,0.0,0.0,44.0,26.366455336785204,2.0,8.0,4.334900219325901,0.5,2.5,0.29411764705882354
123,c31a4918-bab7-4c41-9385-b1e029b72efc,publicschool,1.0,0.47973552645289563,5.0,3.268394301793694,29.0,19.091313850204784,POINT (231965 902728),1.0,0.47973552645289563,6.0,29.0,19.091313850204784,2.0,5.0,3.268394301793694,0.5,8.5,1.0
124,c6c33433-c053-4300-9e26-bc23c8e377b6,youthcenter,1.0,0.5704989591332331,5.0,3.0174816983105632,48.0,28.93495883263767,POINT (232670 902194),1.0,0.5704989591332331,6.0,48.0,28.93495883263767,2.0,5.0,3.0174816983105632,0.5,8.5,1.0
125,cf799790-0833-44bf-b431-c48f2157196a,youthcenter,0.0,0.0,1.0,0.9151632146754809,11.0,7.014106816283985,POINT (228487 903371),0.0,0.0,0.0,11.0,7.014106816283985,2.0,1.0,0.9151632146754809,0.25,2.25,0.2647058823529412
126,34512bed-75bb-4e63-9850-1ddfc46344b5,youthcenter,1.0,0.48960284480177185,4.0,2.2109891770445302,23.0,13.7474091653666,POINT (232023 901584),1.0,0.48960284480177185,6.0,23.0,13.7474091653666,2.0,4.0,2.2109891770445302,0.5,8.5,1.0
127,9e6c8c74-1261-4ea4-aaf3-6557a510c3da,youthcenter,0.0,0.0,4.0,2.401310461831482,19.0,11.769140353719665,POINT (230598 904674),0.0,0.0,0.0,19.0,11.769140353719665,2.0,4.0,2.401310461831482,0.5,2.5,0.29411764705882354
128,d471097f-d067-4fba-b783-b4b03f4f9193,youthcenter,0.0,0.0,4.0,2.2831173302022076,28.0,16.888012787057516,POINT (233588 902365),0.0,0.0,0.0,28.0,16.888012787057516,2.0,4.0,2.2831173302022076,0.5,2.5,0.29411764705882354
129,42e1c319-a3a0-43ec-9341-120397491c65,youthcenter,1.0,0.6506629662598766,6.0,3.4689378745712287,45.0,27.88262857928251,POINT (232868 902045),1.0,0.6506629662598766,6.0,45.0,27.88262857928251,2.0,6.0,3.4689378745712287,0.5,8.5,1.0
130,13b9dd40-84a3-4a37-bbf4-d6622165124b,daycare,0.0,0.0,2.0,1.1732842254765559,4.0,2.0140439621651565,POINT (232911 900859),0.0,0.0,0.0,4.0,2.0140439621651565,1.75,2.0,1.1732842254765559,0.5,2.25,0.2647058823529412
131,105b02b6-c214-447f-8333-300a85136475,daycare,0.0,0.0,1.0,0.8620931500907973,12.0,8.03564000795712,POINT (230323 905435),0.0,0.0,0.0,12.0,8.03564000795712,2.0,1.0,0.8620931500907973,0.25,2.25,0.2647058823529412
132,abfd4afe-9e17-4a80-86c8-7708b7c2ddd9,daycare,0.0,0.0,6.0,3.2350853039494734,24.0,14.06480370456407,POINT (233752 902106),0.0,0.0,0.0,24.0,14.06480370456407,2.0,6.0,3.2350853039494734,0.5,2.5,0.29411764705882354
133,774f7eda-8c8b-4e1d-8fba-083b162b1942,daycare,1.0,0.4774563146963348,5.0,3.0302354615817513,45.0,27.209306710786354,POINT (232581 902302),1.0,0.4774563146963348,6.0,45.0,27.209306710786354,2.0,5.0,3.0302354615817513,0.5,8.5,1.0
134,4789cc96-8152-4f88-bd05-446c64884e71,daycare,0.0,0.0,3.0,2.250061970503241,36.0,22.647330874296635,POINT (233174 902594),0.0,0.0,0.0,36.0,22.647330874296635,2.0,3.0,2.250061970503241,0.5,2.5,0.29411764705882354
135,9342701e-04d8-4b36-b6df-4484864e4890,daycare,0.0,0.0,2.0,1.4340248914009026,17.0,10.491703707538209,POINT (230070 903455),0.0,0.0,0.0,17.0,10.491703707538209,2.0,2.0,1.4340248914009026,0.5,2.5,0.29411764705882354
136,4c72f0e6-8397-47c4-a065-1e2285e5122d,daycare,1.0,0.48147395044298963,8.0,4.408064910761717,47.0,28.463307998066398,POINT (233084 902038),1.0,0.48147395044298963,6.0,47.0,28.463307998066398,2.0,8.0,4.408064910761717,0.5,8.5,1.0
137,73996317-8c52-4871-b86b-e829adfc1c6f,daycare,0.0,0.0,3.0,1.7558951811000352,28.0,17.26013082747299,POINT (233638 902541),0.0,0.0,0.0,28.0,17.26013082747299,2.0,3.0,1.7558951811000352,0.5,2.5,0.29411764705882354
138,39a75c97-2344-4e77-9023-8468e341ec11,daycare,1.0,0.4605102026512883,4.0,2.5970078227155278,43.0,26.50190602918196,POINT (232565 902312),1.0,0.4605102026512883,6.0,43.0,26.50190602918196,2.0,4.0,2.5970078227155278,0.5,8.5,1.0
139,2d7e05a7-1392-456e-a253-115236f12089,daycare,0.0,0.0,3.0,1.4294541120268554,16.0,11.209422650872943,POINT (234168 902452),0.0,0.0,0.0,16.0,11.209422650872943,2.0,3.0,1.4294541120268554,0.5,2.5,0.29411764705882354
140,b7087584-2bbf-455e-8a41-ee7b264af97c,daycare,1.0,0.8928877093205945,3.0,2.2784176688395306,5.0,2.6692944936080933,POINT (229432 904941),1.0,0.8928877093205945,6.0,5.0,2.6692944936080933,2.0,3.0,2.2784176688395306,0.5,8.5,1.0
141,74df2f93-5baa-4656-9429-373eb0a1d41c,daycare,0.0,0.0,6.0,3.7401224600000367,33.0,18.125991527141668,POINT (233229 901648),0.0,0.0,0.0,33.0,18.125991527141668,2.0,6.0,3.7401224600000367,0.5,2.5,0.29411764705882354
142,344d199b-0006-43f9-b405-7fe67586d5b9,daycare,2.0,1.07767503230963,4.0,2.618408308897164,19.0,12.943066085282872,POINT (231038 904631),2.0,1.07767503230963,6.0,19.0,12.943066085282872,2.0,4.0,2.618408308897164,0.5,8.5,1.0
143,1a340859-1956-4cec-9610-c017262692a5,daycare,1.0,0.5928959763229755,7.0,3.8571138930225177,46.0,29.590541642312242,POINT (232898 902186),1.0,0.5928959763229755,6.0,46.0,29.590541642312242,2.0,7.0,3.8571138930225177,0.5,8.5,1.0
144,f871a32e-8afb-4655-b87c-2627f66664e8,daycare,0.0,0.0,3.0,2.1477974160366555,18.0,10.71199225846087,POINT (229672 903820),0.0,0.0,0.0,18.0,10.71199225846087,2.0,3.0,2.1477974160366555,0.5,2.5,0.29411764705882354
145,6fcdd1a2-f53b-4cd4-ad29-d719a1b7bee3,daycare,0.0,0.0,1.0,0.8463356718879255,0.0,0.0,POINT (232686 900577),0.0,0.0,0.0,0.0,0.0,0.0,1.0,0.8463356718879255,0.25,0.25,0.029411764705882353
146,9d19ba3b-9c44-480e-80fa-9fed71b56ca1,daycare,0.0,0.0,2.0,1.4726528336232776,10.0,5.41801693614451,POINT (231665 901784),0.0,0.0,0.0,10.0,5.41801693614451,2.0,2.0,1.4726528336232776,0.5,2.5,0.29411764705882354
147,abede3bb-d4db-425d-8780-e3a234163627,daycare,1.0,0.4887149770807262,4.0,2.206979670272416,23.0,13.733014938304445,POINT (232022 901581),1.0,0.4887149770807262,6.0,23.0,13.733014938304445,2.0,4.0,2.206979670272416,0.5,8.5,1.0
148,1cbfa663-19e8-4496-adef-3b27caa5c7a0,daycare,1.0,0.5425856843863204,6.0,3.4265668217669116,28.0,16.578729173860545,POINT (231043 902961),1.0,0.5425856843863204,6.0,28.0,16.578729173860545,2.0,6.0,3.4265668217669116,0.5,8.5,1.0
149,e5a136f5-0f82-4d1a-aa12-60cebaf680d2,daycare,1.0,0.848632152199988,3.0,2.2337084482589065,5.0,2.930282662923902,POINT (229523 905019),1.0,0.848632152199988,6.0,5.0,2.930282662923902,2.0,3.0,2.2337084482589065,0.5,8.5,1.0
150,fd1c6190-9031-41da-8ca4-b5c3a8782dd2,daycare,0.0,0.0,3.0,1.750344585015394,28.0,17.064646111654124,POINT (233640 902475),0.0,0.0,0.0,28.0,17.064646111654124,2.0,3.0,1.750344585015394,0.5,2.5,0.29411764705882354
151,a7d1478c-1746-4f74-9462-f3ebc1b1b27f,daycare,0.0,0.0,4.0,2.3699483672820043,18.0,9.907278233541296,POINT (231884 901883),0.0,0.0,0.0,18.0,9.907278233541296,2.0,4.0,2.3699483672820043,0.5,2.5,0.29411764705882354
152,b4157100-7345-4ece-9091-b0e9e08d7ec3,daycare,1.0,0.7557758773594804,4.0,2.674316872511931,18.0,12.006576823239193,POINT (231208 904528),1.0,0.7557758773594804,6.0,18.0,12.006576823239193,2.0,4.0,2.674316872511931,0.5,8.5,1.0
153,e32c791c-da88-45e7-8beb-4305255e103f,daycare,0.0,0.0,4.0,2.2816040834326876,28.0,16.88905821907809,POINT (233583 902369),0.0,0.0,0.0,28.0,16.88905821907809,2.0,4.0,2.2816040834326876,0.5,2.5,0.29411764705882354
154,b9a11820-90ea-45f9-b57e-32441d20d121,daycare,1.0,0.6983965686271202,7.0,4.02161301707165,35.0,22.161093967417898,POINT (232823 901939),1.0,0.6983965686271202,6.0,35.0,22.161093967417898,2.0,7.0,4.02161301707165,0.5,8.5,1.0
155,e50d1c01-e922-4adc-93e7-3ff3b842fad7,daycare,1.0,0.652680934488789,6.0,3.4722356603466293,45.0,27.858116757867112,POINT (232865 902043),1.0,0.652680934488789,6.0,45.0,27.858116757867112,2.0,6.0,3.4722356603466293,0.5,8.5,1.0
156,1bc29fc2-7d64-4555-9227-7fc3797a0c44,daycare,0.0,0.0,0.0,0.0,11.0,6.52084065740937,POINT (229234 904534),0.0,0.0,0.0,11.0,6.52084065740937,2.0,0.0,0.0,0.0,2.0,0.23529411764705882
157,4aecc590-1564-4457-820d-f2f288faf9b0,daycare,0.0,0.0,2.0,1.0348904830093344,12.0,7.363429458474357,POINT (234066 902187),0.0,0.0,0.0,12.0,7.363429458474357,2.0,2.0,1.0348904830093344,0.5,2.5,0.29411764705882354
158,b55b2b66-340c-4363-bcf6-75e9b7f70d00,daycare,1.0,0.6290547765650328,8.0,4.931844423613187,26.0,15.916682856304448,POINT (232805 901451),1.0,0.6290547765650328,6.0,26.0,15.916682856304448,2.0,8.0,4.931844423613187,0.5,8.5,1.0
159,cbc6227d-f5e0-41c5-bcf5-8cb6b86e7044,daycare,1.0,0.46281103599766815,7.0,4.3347017828335135,1.0,0.4859905272820956,POINT (234829 901879),1.0,0.46281103599766815,6.0,1.0,0.4859905272820956,0.75,7.0,4.3347017828335135,0.5,7.25,0.8529411764705882
160,bd31e46f-131c-4abc-b60b-70c8647eb158,daycare,1.0,0.7322773282549981,3.0,2.0869839370735606,2.0,0.9875929416919829,POINT (229233 904939),1.0,0.7322773282549981,6.0,2.0,0.9875929416919829,1.25,3.0,2.0869839370735606,0.5,7.75,0.9117647058823529
161,b48e1fa8-0381-4a94-bb2e-e6874d64157d,daycare,1.0,0.4604096406518881,2.0,1.0068184728101155,14.0,10.327444189698147,POINT (234243 902445),1.0,0.4604096406518881,6.0,14.0,10.327444189698147,2.0,2.0,1.0068184728101155,0.5,8.5,1.0
162,a3ef5f01-61c5-4742-91b8-ca70f995027c,daycare,0.0,0.0,2.0,1.0139573907834385,18.0,12.207503074693289,POINT (233997 902484),0.0,0.0,0.0,18.0,12.207503074693289,2.0,2.0,1.0139573907834385,0.5,2.5,0.29411764705882354
163,e9cdb863-52f1-4591-bf96-077c34352be3,daycare,1.0,0.7583423163666067,10.0,6.760342853702994,8.0,4.667770557073479,POINT (234162 901527),1.0,0.7583423163666067,6.0,8.0,4.667770557073479,2.0,10.0,6.760342853702994,0.5,8.5,1.0
164,5d9da4c2-ddcf-484a-8e89-286145aa5074,daycare,1.0,0.8116418546692574,9.0,5.908192557490245,4.0,2.2985630994040744,POINT (234274 901327),1.0,0.8116418546692574,6.0,4.0,2.2985630994040744,1.75,9.0,5.908192557490245,0.5,8.25,0.9705882352941176
165,2379bf31-eae1-4b17-8b78-c1104ad00a5c,daycare,1.0,0.7880043655937878,9.0,5.16891714983095,37.0,22.82216003260832,POINT (232806 901763),1.0,0.7880043655937878,6.0,37.0,22.82216003260832,2.0,9.0,5.16891714983095,0.5,8.5,1.0
166,1048fdb2-41be-4b70-9282-6e5ac912e9f5,daycare,1.0,0.5659474387960857,4.0,2.4090884438726308,27.0,16.389727783892926,POINT (232270 901462),1.0,0.5659474387960857,6.0,27.0,16.389727783892926,2.0,4.0,2.4090884438726308,0.5,8.5,1.0
167,b2d235bc-f07f-4715-a1a1-085f9726ff7b,daycare,1.0,0.4715650935266294,3.0,1.9651543495618606,20.0,13.522277062912503,POINT (230603 904716),1.0,0.4715650935266294,6.0,20.0,13.522277062912503,2.0,3.0,1.9651543495618606,0.5,8.5,1.0
168,15c18d50-abe3-4594-99a7-d5a740be5b6d,daycare,1.0,0.5954786403658722,8.0,4.877176536645851,11.0,6.241685055235264,POINT (233695 901318),1.0,0.5954786403658722,6.0,11.0,6.241685055235264,2.0,8.0,4.877176536645851,0.5,8.5,1.0
169,33ec358c-05f7-43c9-a086-cb6cc036c2ad,daycare,1.0,0.5119092102181606,5.0,2.8534667371568943,17.0,9.918532833052678,POINT (231298 903619),1.0,0.5119092102181606,6.0,17.0,9.918532833052678,2.0,5.0,2.8534667371568943,0.5,8.5,1.0
170,1d262332-f810-48c9-a473-65ad3d19ceab,daycare,1.0,0.589971044599083,8.0,4.655476087859417,25.0,14.298203711602048,POINT (231608 902280),1.0,0.589971044599083,6.0,25.0,14.298203711602048,2.0,8.0,4.655476087859417,0.5,8.5,1.0
171,655abd27-cd9b-4feb-ac64-f7895f301383,daycare,0.0,0.0,3.0,1.684868897980777,13.0,7.041776471769047,POINT (231882 903253),0.0,0.0,0.0,13.0,7.041776471769047,2.0,3.0,1.684868897980777,0.5,2.5,0.29411764705882354
172,da699177-8626-46dd-a73b-936196dfcdf9,daycare,0.0,0.0,0.0,0.0,18.0,11.488087700601714,POINT (228625 904511),0.0,0.0,0.0,18.0,11.488087700601714,2.0,0.0,0.0,0.0,2.0,0.23529411764705882
173,7350a565-a6f4-43d3-bd00-6c5de5351c18,daycare,0.0,0.0,2.0,1.3230532495648686,9.0,5.594271059602301,POINT (231890 900702),0.0,0.0,0.0,9.0,5.594271059602301,2.0,2.0,1.3230532495648686,0.5,2.5,0.29411764705882354
174,bac1695b-b5d0-45a1-accc-57c849655ae0,daycare,0.0,0.0,7.0,4.074805270226772,35.0,21.169775881796284,POINT (233284 901873),0.0,0.0,0.0,35.0,21.169775881796284,2.0,7.0,4.074805270226772,0.5,2.5,0.29411764705882354
175,0f3d0583-8b8f-4288-b65e-a25c4089fce8,daycare,1.0,0.49183982303564505,6.0,3.6938476353097673,33.0,17.750786632915364,POINT (233156 901654),1.0,0.49183982303564505,6.0,33.0,17.750786632915364,2.0,6.0,3.6938476353097673,0.5,8.5,1.0
176,c8f55b85-5e14-42cb-a0a8-c52f6295714c,daycare,0.0,0.0,4.0,2.3676744681767827,18.0,9.900373248909084,POINT (231885 901871),0.0,0.0,0.0,18.0,9.900373248909084,2.0,4.0,2.3676744681767827,0.5,2.5,0.29411764705882354
177,49d45e5f-b71f-484e-accf-c235e2ba14f3,daycare,0.0,0.0,2.0,1.0458421945420986,9.0,5.123055963976126,POINT (231683 901214),0.0,0.0,0.0,9.0,5.123055963976126,2.0,2.0,1.0458421945420986,0.5,2.5,0.29411764705882354
178,423690aa-ea19-4da9-a874-e9c1d60bf710,daycare,0.0,0.0,4.0,2.622816666045085,35.0,22.150541598655888,POINT (232790 902642),0.0,0.0,0.0,35.0,22.150541598655888,2.0,4.0,2.622816666045085,0.5,2.5,0.29411764705882354
179,b275d239-5209-4a13-a3a5-69bd8a2d9c9f,daycare,1.0,0.4800407988666481,4.0,2.1320754553465306,10.0,7.442517502013995,POINT (230018 904840),1.0,0.4800407988666481,6.0,10.0,7.442517502013995,2.0,4.0,2.1320754553465306,0.5,8.5,1.0
180,709e67c3-85d3-4351-8bd0-f3e2a21d7d3a,daycare,0.0,0.0,3.0,1.6832640186287675,13.0,7.04455211763055,POINT (231883 903259),0.0,0.0,0.0,13.0,7.04455211763055,2.0,3.0,1.6832640186287675,0.5,2.5,0.29411764705882354
181,734e8844-7ee6-413d-b3b8-47a0ca379092,daycare,1.0,0.47485592681838606,3.0,1.9663325436542023,20.0,13.544804626824428,POINT (230609 904712),1.0,0.47485592681838606,6.0,20.0,13.544804626824428,2.0,3.0,1.9663325436542023,0.5,8.5,1.0
182,52904050-8693-4dc8-bf61-d3652b5e40e1,daycare,1.0,0.6443280718601008,6.0,3.553465958406221,24.0,14.396168986785295,POINT (231242 902789),1.0,0.6443280718601008,6.0,24.0,14.396168986785295,2.0,6.0,3.553465958406221,0.5,8.5,1.0
183,5eb6c04c-ab14-42b9-972d-233ef4f4e847,daycare,0.0,0.0,2.0,1.1926475537572703,14.0,8.509318331491981,POINT (228613 903116),0.0,0.0,0.0,14.0,8.509318331491981,2.0,2.0,1.1926475537572703,0.5,2.5,0.29411764705882354
184,ccde7caf-3bae-4490-8e9b-133c5a1d40b9,daycare,0.0,0.0,8.0,4.323061425319288,45.0,26.79474475503449,POINT (233120 902158),0.0,0.0,0.0,45.0,26.79474475503449,2.0,8.0,4.323061425319288,0.5,2.5,0.29411764705882354
185,f7cab844-f587-405c-afe8-815b418de983,daycare,0.0,0.0,3.0,1.5991030587090411,14.0,7.411868103339978,POINT (230996 903657),0.0,0.0,0.0,14.0,7.411868103339978,2.0,3.0,1.5991030587090411,0.5,2.5,0.29411764705882354
186,f0cb7df3-1595-4525-ba25-c0e6444a3fcc,daycare,0.0,0.0,4.0,2.0180895389353,10.0,6.407504764192749,POINT (234340 902187),0.0,0.0,0.0,10.0,6.407504764192749,2.0,4.0,2.0180895389353,0.5,2.5,0.29411764705882354
187,441e0fbe-7ae1-47cf-b20e-eb503a9cccd6,daycare,0.0,0.0,0.0,0.0,16.0,10.849460468408104,POINT (228386 904618),0.0,0.0,0.0,16.0,10.849460468408104,2.0,0.0,0.0,0.0,2.0,0.23529411764705882
188,71b1f5eb-b423-429c-8b56-8fd71632fe23,daycare,0.0,0.0,4.0,2.0263495132874794,10.0,6.1562461606964405,POINT (232308 900748),0.0,0.0,0.0,10.0,6.1562461606964405,2.0,4.0,2.0263495132874794,0.5,2.5,0.29411764705882354
189,6404b6c6-944d-4176-8c64-59c512c74ef6,daycare,0.0,0.0,3.0,1.6345436550618833,14.0,7.885006690453471,POINT (230273 903987),0.0,0.0,0.0,14.0,7.885006690453471,2.0,3.0,1.6345436550618833,0.5,2.5,0.29411764705882354
190,f7520c50-fadf-415a-a58c-f8668e4a5605,daycare,1.0,0.7205151193341783,5.0,3.0244691973162294,36.0,21.63087043200422,POINT (232402 901880),1.0,0.7205151193341783,6.0,36.0,21.63087043200422,2.0,5.0,3.0244691973162294,0.5,8.5,1.0
191,803c0ed0-0ee7-473d-aae7-627b18b5e6ef,daycare,1.0,0.4762915618887354,6.0,3.6967414518845207,32.0,17.615779925833962,POINT (233206 901659),1.0,0.4762915618887354,6.0,32.0,17.615779925833962,2.0,6.0,3.6967414518845207,0.5,8.5,1.0
192,95ed11a0-8919-4f93-9147-6769b98d97ab,daycare,1.0,0.48486004915798103,2.0,0.9760181048400385,5.0,2.4155120692255245,POINT (230914 904026),1.0,0.48486004915798103,6.0,5.0,2.4155120692255245,2.0,2.0,0.9760181048400385,0.5,8.5,1.0
193,0bae884c-935a-46f0-94cc-f4ffadb64e6a,daycare,0.0,0.0,3.0,1.5616778747428108,23.0,13.967740790786053,POINT (232160 902842),0.0,0.0,0.0,23.0,13.967740790786053,2.0,3.0,1.5616778747428108,0.5,2.5,0.29411764705882354
194,72b2587b-a657-4ce0-bdaf-6082d5a9ce23,daycare,1.0,0.722775472213745,5.0,3.0311206322060227,36.0,21.659962485743314,POINT (232394 901891),1.0,0.722775472213745,6.0,36.0,21.659962485743314,2.0,5.0,3.0311206322060227,0.5,8.5,1.0
195,78ac5360-7fe7-4e46-9a2c-bc468b158ad3,daycare,1.0,0.5061938604220088,5.0,2.7511779765924826,27.0,15.44054168602503,POINT (232027 901739),1.0,0.5061938604220088,6.0,27.0,15.44054168602503,2.0,5.0,2.7511779765924826,0.5,8.5,1.0
196,b472519a-ae5c-4dd0-9498-fc1099fd686c,daycare,0.0,0.0,2.0,1.085790352468143,16.0,8.55186669557434,POINT (230738 903708),0.0,0.0,0.0,16.0,8.55186669557434,2.0,2.0,1.085790352468143,0.5,2.5,0.29411764705882354
197,79d61e7d-690f-479c-9478-b2457cb16b4a,daycare,1.0,0.5202678130897904,6.0,3.3736831884356207,45.0,27.685858942626638,POINT (232998 902170),1.0,0.5202678130897904,6.0,45.0,27.685858942626638,2.0,6.0,3.3736831884356207,0.5,8.5,1.0
198,77af9207-07e1-4864-ae2f-e02ecdb8e965,daycare,0.0,0.0,3.0,1.5863081972562805,7.0,4.011967276684594,POINT (231562 903612),0.0,0.0,0.0,7.0,4.011967276684594,2.0,3.0,1.5863081972562805,0.5,2.5,0.29411764705882354
199,ee04c1da-46c8-4d63-8202-13a7f3f0ce95,daycare,1.0,0.4517967189739311,5.0,2.579003079549653,9.0,5.295271028586778,POINT (231477 903608),1.0,0.4517967189739311,6.0,9.0,5.295271028586778,2.0,5.0,2.579003079549653,0.5,8.5,1.0
200,6b1b8373-f912-4c66-a0c7-4808e0867508,daycare,1.0,0.6993799838142475,6.0,3.4164451652346957,34.0,20.499647428068215,POINT (232347 901888),1.0,0.6993799838142475,6.0,34.0,20.499647428068215,2.0,6.0,3.4164451652346957,0.5,8.5,1.0
201,7a3b96ce-29ea-46eb-9afb-67457ec1361d,privateschool,0.0,0.0,3.0,2.0269629888603355,26.0,16.070204200976157,POINT (233463 902636),0.0,0.0,0.0,26.0,16.070204200976157,2.0,3.0,2.0269629888603355,0.5,2.5,0.29411764705882354
202,1f663afd-1d21-413b-a74a-22e2cc986199,privateschool,0.0,0.0,2.0,1.3964019244885193,8.0,4.459143800890354,POINT (230232 904462),0.0,0.0,0.0,8.0,4.459143800890354,2.0,2.0,1.3964019244885193,0.5,2.5,0.29411764705882354
203,65f1b467-06e7-43a4-8fe2-20cae68b410e,privateschool,0.0,0.0,2.0,1.0477717743794974,9.0,5.080222268404639,POINT (231684 901201),0.0,0.0,0.0,9.0,5.080222268404639,2.0,2.0,1.0477717743794974,0.5,2.5,0.29411764705882354
204,dd6ece05-6b3c-43fa-9eca-329d45ca41f1,privateschool,1.0,0.6671800024944139,7.0,3.9887545390097214,38.0,23.72775495284141,POINT (232873 901965),1.0,0.6671800024944139,6.0,38.0,23.72775495284141,2.0,7.0,3.9887545390097214,0.5,8.5,1.0
205,ee6951ce-7193-4607-adbc-728c95971b37,privateschool,0.0,0.0,8.0,4.389980387525982,14.0,7.2105228940864645,POINT (234156 901991),0.0,0.0,0.0,14.0,7.2105228940864645,2.0,8.0,4.389980387525982,0.5,2.5,0.29411764705882354
206,cb152d8a-01f4-4c41-b04d-7b283a9dcbe6,privateschool,0.0,0.0,3.0,1.7617207489573725,18.0,10.51761054395289,POINT (230321 904691),0.0,0.0,0.0,18.0,10.51761054395289,2.0,3.0,1.7617207489573725,0.5,2.5,0.29411764705882354
207,4bdd5019-d5cd-4720-8c98-dc2335d331cf,privateschool,0.0,0.0,2.0,1.4039532415708589,12.0,7.695888210886343,POINT (230188 902832),0.0,0.0,0.0,12.0,7.695888210886343,2.0,2.0,1.4039532415708589,0.5,2.5,0.29411764705882354
208,2edda3f5-743b-4622-b1f7-ad417afbe907,privateschool,1.0,0.575176700251538,4.0,2.770005573214662,1.0,0.5371290574945348,POINT (235364 902254),1.0,0.575176700251538,6.0,1.0,0.5371290574945348,0.75,4.0,2.770005573214662,0.5,7.25,0.8529411764705882
209,08c7e09f-a543-4b9a-b5f0-146c986f9687,privateschool,1.0,0.4952189192563026,7.0,3.6244296167203975,30.0,17.56505389379943,POINT (232051 902100),1.0,0.4952189192563026,6.0,30.0,17.56505389379943,2.0,7.0,3.6244296167203975,0.5,8.5,1.0
210,2eb941aa-c727-4d8d-98a0-d605d5ce90e3,privateschool,1.0,0.787337745647896,9.0,5.169190690142635,37.0,22.8175375921962,POINT (232814 901771),1.0,0.787337745647896,6.0,37.0,22.8175375921962,2.0,9.0,5.169190690142635,0.5,8.5,1.0
211,7727405f-37f7-462e-a32b-c797417a00e4,privateschool,0.0,0.0,0.0,0.0,16.0,9.75593377119888,POINT (228469 904598),0.0,0.0,0.0,16.0,9.75593377119888,2.0,0.0,0.0,0.0,2.0,0.23529411764705882
212,647c78bf-49c2-4cec-abbd-930bf18612b2,privateschool,1.0,0.5138164095367675,6.0,3.291270892525096,45.0,25.722542861638374,POINT (232474 902183),1.0,0.5138164095367675,6.0,45.0,25.722542861638374,2.0,6.0,3.291270892525096,0.5,8.5,1.0
213,26c1ff33-d1cf-49cd-9e4a-f711bf93d7bb,privateschool,1.0,0.5949034078219035,8.0,4.591757669794772,27.0,15.828875623085624,POINT (231689 902345),1.0,0.5949034078219035,6.0,27.0,15.828875623085624,2.0,8.0,4.591757669794772,0.5,8.5,1.0
214,bd8364c7-8d04-4e72-99f1-a0bdb7991efa,privateschool,1.0,0.5229903572560568,7.0,4.194844313976598,8.0,4.941605177464984,POINT (233609 901103),1.0,0.5229903572560568,6.0,8.0,4.941605177464984,2.0,7.0,4.194844313976598,0.5,8.5,1.0
215,97b08b67-fa6d-433a-8ada-2a43042ceefe,privateschool,0.0,0.0,1.0,0.4994952868044,6.0,3.6719116172413373,POINT (230196 905843),0.0,0.0,0.0,6.0,3.6719116172413373,2.0,1.0,0.4994952868044,0.25,2.25,0.2647058823529412
216,b0c1a7e9-ef07-4753-8f87-3d3c32ec8fd1,privateschool,0.0,0.0,4.0,2.4361243933181016,20.0,10.363153715813832,POINT (231516 903364),0.0,0.0,0.0,20.0,10.363153715813832,2.0,4.0,2.4361243933181016,0.5,2.5,0.29411764705882354
217,0505b2df-e338-4276-85f2-8f7f23d49fe7,privateschool,0.0,0.0,3.0,1.7303060316872736,17.0,10.747346923385855,POINT (231101 903248),0.0,0.0,0.0,17.0,10.747346923385855,2.0,3.0,1.7303060316872736,0.5,2.5,0.29411764705882354
218,3dd90832-b8e1-470d-b6de-6bfd35ecf96c,privateschool,1.0,0.7205906886396203,4.0,2.8799449060037015,16.0,10.715648409802537,POINT (231173 902384),1.0,0.7205906886396203,6.0,16.0,10.715648409802537,2.0,4.0,2.8799449060037015,0.5,8.5,1.0
219,85bbb8e7-b962-4fd6-b773-e9210b486f03,privateschool,1.0,0.7095102719165095,6.0,3.6930842326885047,24.0,14.854512731089658,POINT (231166 902728),1.0,0.7095102719165095,6.0,24.0,14.854512731089658,2.0,6.0,3.6930842326885047,0.5,8.5,1.0
220,f8a893a1-5657-4ee9-8f31-2f18a7579468,privateschool,1.0,0.5223306299397976,6.0,3.576051039104954,21.0,12.871641429227367,POINT (231319 903189),1.0,0.5223306299397976,6.0,21.0,12.871641429227367,2.0,6.0,3.576051039104954,0.5,8.5,1.0
221,d391b19f-dde9-421b-b264-e0e84bba4554,privateschool,1.0,0.6380047230905105,7.0,4.130957422417403,28.0,16.881654548910923,POINT (231140 902841),1.0,0.6380047230905105,6.0,28.0,16.881654548910923,2.0,7.0,4.130957422417403,0.5,8.5,1.0
222,532c6068-0529-4445-a7ce-82c3f5ce42c1,privateschool,1.0,0.5153007038358207,6.0,3.7676936114585624,32.0,19.827677534794354,POINT (231802 902878),1.0,0.5153007038358207,6.0,32.0,19.827677534794354,2.0,6.0,3.7676936114585624,0.5,8.5,1.0
223,cbff761e-91cb-44b4-80e2-fa0a592c76e2,privateschool,1.0,0.7819490584722828,9.0,5.457603438063189,32.0,19.151143700643317,POINT (231539 902730),1.0,0.7819490584722828,6.0,32.0,19.151143700643317,2.0,9.0,5.457603438063189,0.5,8.5,1.0
224,6524cf22-a194-40d3-a7ad-dcc4c0a234c4,privateschool,1.0,0.5393976603704279,6.0,3.257211009349708,24.0,14.368694546092264,POINT (230948 902935),1.0,0.5393976603704279,6.0,24.0,14.368694546092264,2.0,6.0,3.257211009349708,0.5,8.5,1.0
225,b866b77a-6d52-49f6-ad85-8dc36f411266,privateschool,0.0,0.0,3.0,1.6369552003506158,14.0,7.869919259831491,POINT (230269 903989),0.0,0.0,0.0,14.0,7.869919259831491,2.0,3.0,1.6369552003506158,0.5,2.5,0.29411764705882354
226,9da44c47-ba75-4397-8758-52e708efd2f6,privateschool,0.0,0.0,2.0,1.219781636844449,7.0,3.4637038061750425,POINT (230421 904208),0.0,0.0,0.0,7.0,3.4637038061750425,2.0,2.0,1.219781636844449,0.5,2.5,0.29411764705882354
227,6b946019-533f-4686-9685-7697b88b585e,privateschool,0.0,0.0,0.0,0.0,6.0,3.0358949377799402,POINT (229742 902342),0.0,0.0,0.0,6.0,3.0358949377799402,2.0,0.0,0.0,0.0,2.0,0.23529411764705882
228,8000b1f6-b413-4993-a846-2c5c1d59cb97,privateschool,0.0,0.0,0.0,0.0,0.0,0.0,POINT (230027 902329),0.0,0.0,0.0,0.0,0.0,0.0,0.0,0.0,0.0,0.0,0.0
229,9ae02158-2a6f-4488-a7d7-d3f5d1008e11,privateschool,1.0,0.6813030029214013,6.0,3.770910373043369,27.0,17.043557167575894,POINT (232571 901476),1.0,0.6813030029214013,6.0,27.0,17.043557167575894,2.0,6.0,3.770910373043369,0.5,8.5,1.0
230,63f3fb79-e10f-4def-8b66-2997c5b8e33b,privateschool,0.0,0.0,1.0,0.7512446099175702,18.0,10.541500251224816,POINT (230370 903437),0.0,0.0,0.0,18.0,10.541500251224816,2.0,1.0,0.7512446099175702,0.25,2.25,0.2647058823529412
231,e3575efc-40b2-471a-ace3-9825bdafc622,privateschool,0.0,0.0,1.0,0.5928429579419923,14.0,9.0211538583265,POINT (230529 903276),0.0,0.0,0.0,14.0,9.0211538583265,2.0,1.0,0.5928429579419923,0.25,2.25,0.2647058823529412
232,e0b70cdf-6ac8-4b4a-8d3d-593b07aa753b,privateschool,0.0,0.0,1.0,0.5232866495781234,6.0,3.6798498131454807,POINT (230344 905736),0.0,0.0,0.0,6.0,3.6798498131454807,2.0,1.0,0.5232866495781234,0.25,2.25,0.2647058823529412
233,ff27e6fb-a523-4695-a8ba-f56ad656fbcd,privateschool,0.0,0.0,2.0,1.338874347508452,19.0,11.866892445120927,POINT (230485 905028),0.0,0.0,0.0,19.0,11.866892445120927,2.0,2.0,1.338874347508452,0.5,2.5,0.29411764705882354
234,d052ce3f-4eb4-47e3-b171-5390d62cedd0,publicschool,1.0,0.47247394272720306,5.0,2.961948423818261,41.0,25.041297498750644,POINT (232643 902343),1.0,0.47247394272720306,6.0,41.0,25.041297498750644,2.0,5.0,2.961948423818261,0.5,8.5,1.0
235,5c7cef66-3afa-4af6-9260-7c5fdc5781bc,publicschool,0.0,0.0,4.0,2.5048555879888292,43.0,25.637560587323087,POINT (232606 902365),0.0,0.0,0.0,43.0,25.637560587323087,2.0,4.0,2.5048555879888292,0.5,2.5,0.29411764705882354
236,91af9728-9944-431e-ae80-2cb66697e9b3,publicschool,0.0,0.0,3.0,2.1689789257628287,18.0,10.815157945557274,POINT (229693 903814),0.0,0.0,0.0,18.0,10.815157945557274,2.0,3.0,2.1689789257628287,0.5,2.5,0.29411764705882354
237,2c7be26e-5546-4043-80d4-8d62ba382d4c,publicschool,1.0,0.4712206088200251,3.0,1.8515189687424378,19.0,12.474203324872828,POINT (230626 904693),1.0,0.4712206088200251,6.0,19.0,12.474203324872828,2.0,3.0,1.8515189687424378,0.5,8.5,1.0
238,7d47534c-fca8-4e36-b29a-bebfa841a6f8,publicschool,0.0,0.0,3.0,2.035301426867259,16.0,9.325581286044185,POINT (231863 901909),0.0,0.0,0.0,16.0,9.325581286044185,2.0,3.0,2.035301426867259,0.5,2.5,0.29411764705882354
239,20c67276-23c6-42f4-8a75-90d85c1f1b71,publicschool,0.0,0.0,1.0,0.586305497499034,13.0,7.756089061912971,POINT (234026 902188),0.0,0.0,0.0,13.0,7.756089061912971,2.0,1.0,0.586305497499034,0.25,2.25,0.2647058823529412
240,308b8c7e-4bad-4d4a-ae49-1aaed3728a39,publicschool,0.0,0.0,3.0,2.0341726928833817,16.0,9.28410343771648,POINT (231857 901866),0.0,0.0,0.0,16.0,9.28410343771648,2.0,3.0,2.0341726928833817,0.5,2.5,0.29411764705882354
241,f7149643-96c5-4951-a555-8d4afe4bbef4,publicschool,1.0,0.5665880614147002,4.0,2.4105135676703884,27.0,16.392091272721824,POINT (232273 901464),1.0,0.5665880614147002,6.0,27.0,16.392091272721824,2.0,4.0,2.4105135676703884,0.5,8.5,1.0
242,931417f5-592f-4be1-b32a-b4d1bc1e2b95,publicschool,0.0,0.0,3.0,1.584920083997638,6.0,3.5513452237960066,POINT (231565 903608),0.0,0.0,0.0,6.0,3.5513452237960066,2.0,3.0,1.584920083997638,0.5,2.5,0.29411764705882354
243,163c7ad0-0784-4293-9992-54df5a4a08e1,publicschool,0.0,0.0,3.0,2.1321010587063354,18.0,10.684693920034098,POINT (229659 903831),0.0,0.0,0.0,18.0,10.684693920034098,2.0,3.0,2.1321010587063354,0.5,2.5,0.29411764705882354
244,00c6c171-64c0-44ad-9b27-4346a5bcde69,publicschool,1.0,0.47973552645289563,5.0,3.268394301793694,29.0,19.091313850204784,POINT (231955 902733),1.0,0.47973552645289563,6.0,29.0,19.091313850204784,2.0,5.0,3.268394301793694,0.5,8.5,1.0
245,f578c91e-783e-45ea-a921-893e69351a41,publicschool,1.0,0.46893071619208404,5.0,3.374775766014549,33.0,21.064545759340163,POINT (231960 902614),1.0,0.46893071619208404,6.0,33.0,21.064545759340163,2.0,5.0,3.374775766014549,0.5,8.5,1.0
246,54893e70-76ea-42a2-b7c6-c5b704d98e09,publicschool,1.0,0.47051836258123403,3.0,1.9657944522967346,20.0,13.515216570699128,POINT (230599 904711),1.0,0.47051836258123403,6.0,20.0,13.515216570699128,2.0,3.0,1.9657944522967346,0.5,8.5,1.0
247,98f7ceb4-7397-4ae3-9a6c-452ebd056a87,publicschool,0.0,0.0,1.0,0.8467124991169683,8.0,5.193225034431995,POINT (231906 900673),0.0,0.0,0.0,8.0,5.193225034431995,2.0,1.0,0.8467124991169683,0.25,2.25,0.2647058823529412
248,1af39be7-00ea-4389-a228-fc87b952a56a,publicschool,0.0,0.0,3.0,1.5833605089716005,10.0,5.526696403227151,POINT (234049 902184),0.0,0.0,0.0,10.0,5.526696403227151,2.0,3.0,1.5833605089716005,0.5,2.5,0.29411764705882354
249,edbbb247-ca50-43c3-ae54-a1b6f1c22951,publicschool,0.0,0.0,2.0,1.1909482948117482,14.0,8.49719443516609,POINT (228611 903118),0.0,0.0,0.0,14.0,8.49719443516609,2.0,2.0,1.1909482948117482,0.5,2.5,0.29411764705882354
250,dfa7c700-2ee1-4fdd-ab9f-3aba38544523,publicschool,0.0,0.0,3.0,1.6038652453716633,13.0,6.957860292399131,POINT (230989 903643),0.0,0.0,0.0,13.0,6.957860292399131,2.0,3.0,1.6038652453716633,0.5,2.5,0.29411764705882354
251,ef544e97-4450-4e6b-b0ab-75484c660ff4,publicschool,0.0,0.0,7.0,4.062393700788978,35.0,21.415603846134434,POINT (233287 901889),0.0,0.0,0.0,35.0,21.415603846134434,2.0,7.0,4.062393700788978,0.5,2.5,0.29411764705882354
252,fdd40a76-cdf1-4a69-989d-a41b9bc40f06,publicschool,0.0,0.0,8.0,4.334900219325901,44.0,26.366455336785204,POINT (233121 902166),0.0,0.0,0.0,44.0,26.366455336785204,2.0,8.0,4.334900219325901,0.5,2.5,0.29411764705882354
253,c31a4918-bab7-4c41-9385-b1e029b72efc,publicschool,1.0,0.47973552645289563,5.0,3.268394301793694,29.0,19.091313850204784,POINT (231965 902728),1.0,0.47973552645289563,6.0,29.0,19.091313850204784,2.0,5.0,3.268394301793694,0.5,8.5,1.0
254,c6c33433-c053-4300-9e26-bc23c8e377b6,youthcenter,1.0,0.5704989591332331,5.0,3.0174816983105632,48.0,28.93495883263767,POINT (232670 902194),1.0,0.5704989591332331,6.0,48.0,28.93495883263767,2.0,5.0,3.0174816983105632,0.5,8.5,1.0
255,cf799790-0833-44bf-b431-c48f2157196a,youthcenter,0.0,0.0,1.0,0.9151632146754809,11.0,7.014106816283985,POINT (228487 903371),0.0,0.0,0.0,11.0,7.014106816283985,2.0,1.0,0.9151632146754809,0.25,2.25,0.2647058823529412
256,34512bed-75bb-4e63-9850-1ddfc46344b5,youthcenter,1.0,0.48960284480177185,4.0,2.2109891770445302,23.0,13.7474091653666,POINT (232023 901584),1.0,0.48960284480177185,6.0,23.0,13.7474091653666,2.0,4.0,2.2109891770445302,0.5,8.5,1.0
257,9e6c8c74-1261-4ea4-aaf3-6557a510c3da,youthcenter,0.0,0.0,4.0,2.401310461831482,19.0,11.769140353719665,POINT (230598 904674),0.0,0.0,0.0,19.0,11.769140353719665,2.0,4.0,2.401310461831482,0.5,2.5,0.29411764705882354
258,d471097f-d067-4fba-b783-b4b03f4f9193,youthcenter,0.0,0.0,4.0,2.2831173302022076,28.0,16.888012787057516,POINT (233588 902365),0.0,0.0,0.0,28.0,16.888012787057516,2.0,4.0,2.2831173302022076,0.5,2.5,0.29411764705882354
259,42e1c319-a3a0-43ec-9341-120397491c65,youthcenter,1.0,0.6506629662598766,6.0,3.4689378745712287,45.0,27.88262857928251,POINT (232868 902045),1.0,0.6506629662598766,6.0,45.0,27.88262857928251,2.0,6.0,3.4689378745712287,0.5,8.5,1.0
